Test ID,Error max (%)
0,0.02249007
1,0.012812145
2,0.017350094
3,0.0145269185
4,0.016808622
5,0.022110619
6,0.02916301
7,0.016681697
8,0.01941362
9,0.028512385
